<?xml version="1.0"?>
<bicons>
	<!-- Animals -->
	<bicon alt="gator" cat="animals">alligator</bicon>
	<bicon alt="" cat="animals">badger</bicon>
	<bicon alt="" cat="animals">bat</bicon>
	<bicon alt="parrot" cat="animals">bird</bicon>
	<bicon alt="" cat="animals">butterfly</bicon>
	<bicon alt="" cat="animals">camel</bicon>
	<bicon alt="kitty" cat="animals">cat</bicon>
	<bicon alt="" cat="animals">cow</bicon>
	<bicon alt="" cat="animals">crab</bicon>
	<bicon alt="" cat="animals">deer</bicon>
	<bicon alt="" cat="animals">dog</bicon>
	<bicon alt="" cat="animals">dolphin</bicon>
	<bicon alt="" cat="animals">dragon</bicon>
	<bicon alt="" cat="animals">duck</bicon>
	<bicon alt="" cat="animals">eagle</bicon>
	<bicon alt="" cat="animals">elephant</bicon>
	<bicon alt="" cat="animals">fish</bicon>
	<bicon alt="" cat="animals">flamingo</bicon>
	<bicon alt="" cat="animals">fox</bicon>
	<bicon alt="" cat="animals">frog</bicon>
	<bicon alt="" cat="animals">gorilla</bicon>
	<bicon alt="" cat="animals">guide-dog</bicon>
	<bicon alt="" cat="animals">horse</bicon>
	<bicon alt="" cat="animals">kangaroo</bicon>
	<bicon alt="" cat="animals">ladybug</bicon>
	<bicon alt="" cat="animals">lion</bicon>
	<bicon alt="" cat="animals">lizard</bicon>
	<bicon alt="" cat="animals">llama</bicon>
	<bicon alt="" cat="animals">lobster</bicon>
	<bicon alt="" cat="animals">monkey</bicon>
	<bicon alt="" cat="animals">octopus</bicon>
	<bicon alt="" cat="animals">owl</bicon>
	<bicon alt="" cat="animals">panda</bicon>
	<bicon alt="" cat="animals">peacock</bicon>
	<bicon alt="" cat="animals">penguin</bicon>
	<bicon alt="" cat="animals">pig</bicon>
	<bicon alt="" cat="animals">poodle</bicon>
	<bicon alt="" cat="animals">rabbit</bicon>
	<bicon alt="trash-panda" cat="animals">raccoon</bicon>
	<bicon alt="" cat="animals">rat</bicon>
	<bicon alt="" cat="animals">rhino</bicon>
	<bicon alt="" cat="animals">shark</bicon>
	<bicon alt="" cat="animals">sheep</bicon>
	<bicon alt="" cat="animals">shrimp</bicon>
	<bicon alt="" cat="animals">skunk</bicon>
	<bicon alt="" cat="animals">snail</bicon>
	<bicon alt="" cat="animals">snake</bicon>
	<bicon alt="" cat="animals">squid</bicon>
	<bicon alt="" cat="animals">turkey</bicon>
	<bicon alt="" cat="animals">turtle</bicon>
	<bicon alt="" cat="animals">whale</bicon>
	
	<!-- Astrology -->
	<bicon alt="" cat="astrology">aquarius</bicon>
	<bicon alt="" cat="astrology">aries</bicon>
	<bicon alt="" cat="astrology">cancer</bicon>
	<bicon alt="" cat="astrology">capricorn</bicon>
	<bicon alt="" cat="astrology">gemini</bicon>
	<bicon alt="" cat="astrology">leo</bicon>
	<bicon alt="" cat="astrology">libra</bicon>
	<bicon alt="" cat="astrology">pisces</bicon>
	<bicon alt="" cat="astrology">saggitarius</bicon>
	<bicon alt="" cat="astrology">scorpius</bicon>
	<bicon alt="" cat="astrology">taurus</bicon>
	<bicon alt="" cat="astrology">virgo</bicon>
	<bicon alt="" cat="astrology">mercury</bicon>
	<bicon alt="" cat="astrology">jupiter</bicon>
	<bicon alt="" cat="astrology">saturn</bicon>
	<bicon alt="" cat="astrology">uranus</bicon>
	<bicon alt="" cat="astrology">neptune</bicon>
	<bicon alt="" cat="astrology">pluto</bicon>
	<bicon alt="" cat="astrology">ceres</bicon>
	<bicon alt="" cat="astrology">chiron</bicon>
	<bicon alt="" cat="astrology">juno</bicon>
	<bicon alt="" cat="astrology">lilith</bicon>
	<bicon alt="" cat="astrology">pallas</bicon>
	<bicon alt="" cat="astrology">vesta</bicon>
	
	<!-- Currency -->
	<bicon alt="" cat="currency">bitcoin</bicon>
	<bicon alt="" cat="currency">euro</bicon>
	<bicon alt="" cat="currency">kip</bicon>
	<bicon alt="" cat="currency">lira</bicon>
	<bicon alt="" cat="currency">peso</bicon>
	<bicon alt="" cat="currency">won</bicon>

	<!-- Danger Zone -->
	<bicon alt="" cat="danger">alert</bicon>
	<bicon alt="toxic" cat="danger">biohazard</bicon>
	<bicon alt="" cat="danger">black-flag</bicon>
	<bicon alt="" cat="danger">bomb</bicon>
	<bicon alt="" cat="danger">danger</bicon>
	<bicon alt="" cat="danger">dead</bicon>
	<bicon alt="firecracker" cat="danger">dynamite</bicon>
	<bicon alt="burst" cat="danger">explode</bicon>
	<bicon alt="deadly" cat="danger">poison</bicon>
	<bicon alt="" cat="danger">radioactive</bicon>
	<bicon alt="attention" cat="danger">red-alert</bicon>
	<bicon alt="" cat="danger">red-flag</bicon>
	<bicon alt="" cat="danger">red-light</bicon>
	<bicon alt="blocked" cat="danger">restricted</bicon>
	<bicon alt="" cat="danger">sos</bicon>
	<bicon alt="" cat="danger">warning</bicon>
	<bicon alt="" cat="danger">wrong</bicon>
	<bicon alt="" cat="danger">yield</bicon>
	
	<!-- Foods -->
	<bicon alt="" cat="food">apple</bicon>
	<bicon alt="" cat="food">avocado</bicon>
	<bicon alt="" cat="food">banana</bicon>
	<bicon alt="" cat="food">bacon</bicon>
	<bicon alt="" cat="food">beer</bicon>
	<bicon alt="" cat="food">bread</bicon>
	<bicon alt="" cat="food">burger</bicon>
	<bicon alt="" cat="food">burrito</bicon>
	<bicon alt="" cat="food">carrot</bicon>
	<bicon alt="" cat="food">cheese</bicon>
	<bicon alt="" cat="food">cherry</bicon>
	<bicon alt="" cat="food">coconut</bicon>
	<bicon alt="" cat="food">coffee</bicon>
	<bicon alt="" cat="food">cookie</bicon>
	<bicon alt="" cat="food">cone</bicon>
	<bicon alt="" cat="food">corn</bicon>
	<bicon alt="" cat="food">cupcake</bicon>
	<bicon alt="doughnut" cat="food">donut</bicon>
	<bicon alt="" cat="food">drink</bicon>
	<bicon alt="" cat="food">drumstick</bicon>
	<bicon alt="penis" cat="food">eggplant</bicon>
	<bicon alt="" cat="food">grapes</bicon>
	<bicon alt="" cat="food">honey</bicon>
	<bicon alt="" cat="food">hotdog</bicon>
	<bicon alt="" cat="food">ice</bicon>
	<bicon alt="" cat="food">ice-cream</bicon>
	<bicon alt="" cat="food">kiwi</bicon>
	<bicon alt="" cat="food">lemon</bicon>
	<bicon alt="" cat="food">lolipop</bicon>
	<bicon alt="" cat="food">mango</bicon>
	<bicon alt="" cat="food">martini</bicon>
	<bicon alt="" cat="food">mushroom</bicon>
	<bicon alt="" cat="food">onion</bicon>
	<bicon alt="" cat="food">orange</bicon>
	<bicon alt="" cat="food">pancakes</bicon>
	<bicon alt="ass" cat="food">peach</bicon>
	<bicon alt="" cat="food">pear</bicon>
	<bicon alt="" cat="food">pickle</bicon>
	<bicon alt="" cat="food">pie</bicon>
	<bicon alt="" cat="food">pineapple</bicon>
	<bicon alt="" cat="food">pizza</bicon>
	<bicon alt="" cat="food">potato</bicon>
	<bicon alt="" cat="food">pretzel</bicon>
	<bicon alt="" cat="food">salad</bicon>
	<bicon alt="" cat="food">sandwich</bicon>
	<bicon alt="" cat="food">shortcake</bicon>
	<bicon alt="" cat="food">spaghetti</bicon>
	<bicon alt="" cat="food">steak</bicon>
	<bicon alt="" cat="food">strawberry</bicon>
	<bicon alt="" cat="food">sushi</bicon>
	<bicon alt="" cat="food">taco</bicon>
	<bicon alt="teacup" cat="food">tea</bicon>
	<bicon alt="" cat="food">tomato</bicon>
	<bicon alt="" cat="food">waffle</bicon>
	<bicon alt="" cat="food">watermelon</bicon>
	<bicon alt="" cat="food">wine</bicon>
	
	<!-- Nature & Outdoors -->
	<bicon alt="fall" cat="nature">autumn</bicon>
	<bicon alt="" cat="nature">camp</bicon>
	<bicon alt="" cat="nature">cloud</bicon>
	<bicon alt="" cat="nature">clover</bicon>
	<bicon alt="" cat="nature">cactus</bicon>
	<bicon alt="" cat="nature">daisy</bicon>
	<bicon alt="" cat="nature">desert</bicon>
	<bicon alt="" cat="nature">earth</bicon>
	<bicon alt="" cat="nature">exotic</bicon>
	<bicon alt="hot" cat="nature">fire</bicon>
	<bicon alt="" cat="nature">flower</bicon>
	<bicon alt="" cat="nature">galaxy</bicon>
	<bicon alt="" cat="nature">hurricane</bicon>
	<bicon alt="" cat="nature">leaf</bicon>
	<bicon alt="" cat="nature">mountain</bicon>
	<bicon alt="" cat="nature">ocean</bicon>
	<bicon alt="" cat="nature">palm</bicon>
	<bicon alt="" cat="nature">pine</bicon>
	<bicon alt="" cat="nature">rain</bicon>
	<bicon alt="" cat="nature">rainbow</bicon>
	<bicon alt="" cat="nature">rose</bicon>
	<bicon alt="" cat="nature">shamrock</bicon>
	<bicon alt="" cat="nature">shooting-star</bicon>
	<bicon alt="" cat="nature">snowflake</bicon>
	<bicon alt="spring" cat="nature">sprout</bicon>
	<bicon alt="" cat="nature">sun</bicon>
	<bicon alt="summer" cat="nature">sunflower</bicon>
	<bicon alt="" cat="nature">sunset-land</bicon>
	<bicon alt="" cat="nature">sunset-sea</bicon>
	<bicon alt="" cat="nature">tornado</bicon>
	<bicon alt="" cat="nature">tree</bicon>
	<bicon alt="" cat="nature">t-storm</bicon>
	<bicon alt="" cat="nature">tulip</bicon>
	<bicon alt="" cat="nature">weather</bicon>
	<bicon alt="" cat="nature">volcano</bicon>
	<bicon alt="" cat="nature">water</bicon>
	<bicon alt="moist" cat="nature">wet</bicon>
	
	<!-- Emoticons -->
	<bicon alt="smile" cat="emoticons">happy</bicon>
	<bicon alt="frown" cat="emoticons">unhappy</bicon>
	<bicon alt="cuss" cat="emoticons">censored</bicon>
	<bicon alt="famous" cat="emoticons">cool</bicon>
	<bicon alt="howdy" cat="emoticons">cowboy</bicon>
	<bicon alt="stressed" cat="emoticons">grimace</bicon>
	<bicon alt="cherished" cat="emoticons">loved</bicon>
	<bicon alt="" cat="emoticons">mind-blown</bicon>
	<bicon alt="geeky" cat="emoticons">nerdy</bicon>
	<bicon alt="greedy" cat="emoticons">rich</bicon>
	<bicon alt="cry" cat="emoticons">sad</bicon>
	<bicon alt="" cat="emoticons">star-struck</bicon>
	
	<!-- FrEaK sHoW -->
	<bicon alt="" cat="freaks">alien</bicon>
	<bicon alt="" cat="freaks">clown</bicon>
	<bicon alt="" cat="freaks">evil</bicon>
	<bicon alt="" cat="freaks">fairy</bicon>
	<bicon alt="" cat="freaks">freak</bicon>
	<bicon alt="" cat="freaks">genie</bicon>
	<bicon alt="" cat="freaks">ghost</bicon>
	<bicon alt="" cat="freaks">mermaid</bicon>
	<bicon alt="" cat="freaks">sick</bicon>
	<bicon alt="" cat="freaks">spider</bicon>
	<bicon alt="" cat="freaks">unicorn</bicon>
	<bicon alt="" cat="freaks">web</bicon>
	<bicon alt="" cat="freaks">wizard</bicon>
	<bicon alt="" cat="freaks">vampire</bicon>
	<bicon alt="" cat="freaks">zombie</bicon>
	
	<!-- Layout -->
	<bicon alt="" cat="layout">grid</bicon>
	<bicon alt="" cat="layout">corners</bicon>
	<bicon alt="cols" cat="layout">columns</bicon>
	<bicon alt="menu" cat="layout">rows</bicon>
	<bicon alt="" cat="layout">cols-over-rows</bicon>
	<bicon alt="" cat="layout">cols-between-rows</bicon>
	<bicon alt="" cat="layout">cols-under-rows</bicon>
	<bicon alt="" cat="layout">row-over-cols</bicon>
	<bicon alt="" cat="layout">row-between-cols</bicon>
	<bicon alt="" cat="layout">row-under-cols</bicon>
	<bicon alt="panes" cat="layout">quadrant</bicon>
	<bicon alt="" cat="layout">half-panes</bicon>
	
	<!-- Objects -->
	<bicon alt="" cat="objects">airplane</bicon>
	<bicon alt="" cat="objects">alarm</bicon>
	<bicon alt="" cat="objects">anchor</bicon>
	<bicon alt="newspaper" cat="objects">article</bicon>
	<bicon alt="" cat="objects">atm</bicon>
	<bicon alt="" cat="objects">award</bicon>
	<bicon alt="" cat="objects">badge</bicon>
	<bicon alt="" cat="objects">balloon</bicon>
	<bicon alt="" cat="objects">basket</bicon>
	<bicon alt="" cat="objects">battery</bicon>
	<bicon alt="" cat="objects">bike</bicon>
	<bicon alt="" cat="objects">bikini</bicon>
	<bicon alt="screw" cat="objects">bolt</bicon>
	<bicon alt="" cat="objects">bookmark</bicon>
	<bicon alt="" cat="objects">books</bicon>
	<bicon alt="open-book" cat="objects">book-open</bicon>
	<bicon alt="open-book-o" cat="objects">book-open-o</bicon>
	<bicon alt="red-book" cat="objects">book-red</bicon>
	<bicon alt="green-book" cat="objects">book-green</bicon>
	<bicon alt="blue-book" cat="objects">book-blue</bicon>
	<bicon alt="yellow-book" cat="objects">book-yellow</bicon>
	<bicon alt="" cat="objects">bouquet</bicon>
	<bicon alt="" cat="objects">bricks</bicon>
	<bicon alt="" cat="objects">briefcase</bicon>
	<bicon alt="sweep" cat="objects">broom</bicon>
	<bicon alt="idea" cat="objects">bulb</bicon>
	<bicon alt="" cat="objects">camera</bicon>
	<bicon alt="" cat="objects">candle</bicon>
	<bicon alt="" cat="objects">car</bicon>
	<bicon alt="" cat="objects">card</bicon>
	<bicon alt="shop" cat="objects">cart</bicon>
	<bicon alt="" cat="objects">cd</bicon>
	<bicon alt="" cat="objects">chains</bicon>
	<bicon alt="" cat="objects">coinbag</bicon>
	<bicon alt="" cat="objects">compass</bicon>
	<bicon alt="" cat="objects">computer</bicon>
	<bicon alt="lipstick" cat="objects">cosmetic</bicon>
	<bicon alt="gem" cat="objects">diamond</bicon>
	<bicon alt="" cat="objects">dice</bicon>
	<bicon alt="" cat="objects">door</bicon>
	<bicon alt="" cat="objects">dress</bicon>
	<bicon alt="firework" cat="objects">fireworks</bicon>
	<bicon alt="" cat="objects">flashlight</bicon>
	<bicon alt="cutlery" cat="objects">fork-knife</bicon>
	<bicon alt="" cat="objects">fountain</bicon>
	<bicon alt="gas" cat="objects">fuel</bicon>
	<bicon alt="present" cat="objects">gift</bicon>
	<bicon alt="edu / cap" cat="objects">grad</bicon>
	<bicon alt="" cat="objects">guitar</bicon>
	<bicon alt="" cat="objects">hammer</bicon>
	<bicon alt="" cat="objects">home</bicon>
	<bicon alt="" cat="objects">key</bicon>
	<bicon alt="" cat="objects">keyboard</bicon>
	<bicon alt="" cat="objects">knife</bicon>
	<bicon alt="labcoat" cat="objects">lab-coat</bicon>
	<bicon alt="bottle" cat="objects">lotion</bicon>
	<bicon alt="" cat="objects">love-letter</bicon>
	<bicon alt="baggage" cat="objects">luggage</bicon>
	<bicon alt="" cat="objects">magnet</bicon>
	<bicon alt="" cat="objects">mailbox</bicon>
	<bicon alt="world" cat="objects">map</bicon>
	<bicon alt="microphone" cat="objects">mic</bicon>
	<bicon alt="" cat="objects">microscope</bicon>
	<bicon alt="" cat="objects">mobile</bicon>
	<bicon alt="journal" cat="objects">notebook</bicon>
	<bicon alt="" cat="objects">notepad</bicon>
	<bicon alt="colors" cat="objects">palette</bicon>
	<bicon alt="" cat="objects">pants</bicon>
	<bicon alt="" cat="objects">pennant</bicon>
	<bicon alt="" cat="objects">pennant-o</bicon>
	<bicon alt="" cat="objects">piano</bicon>
	<bicon alt="" cat="objects">pick</bicon>
	<bicon alt="plugin" cat="objects">plug</bicon>
	<bicon alt="shit" cat="objects">poop</bicon>
	<bicon alt="" cat="objects">radio</bicon>
	<bicon alt="" cat="objects">receipt</bicon>
	<bicon alt="" cat="objects">robot</bicon>
	<bicon alt="coaster" cat="objects">roller-coaster</bicon>
	<bicon alt="" cat="objects">ruler</bicon>
	<bicon alt="" cat="objects">saxophone</bicon>
	<bicon alt="" cat="objects">ship</bicon>
	<bicon alt="" cat="objects">shower</bicon>
	<bicon alt="" cat="objects">skull</bicon>
	<bicon alt="" cat="objects">soap</bicon>
	<bicon alt="" cat="objects">socks</bicon>
	<bicon alt="" cat="objects">sparkler</bicon>
	<bicon alt="" cat="objects">spoon</bicon>
	<bicon alt="" cat="objects">tag</bicon>
	<bicon alt="" cat="objects">target</bicon>
	<bicon alt="" cat="objects">taxi</bicon>
	<bicon alt="teddy" cat="objects">teddy-bear</bicon>
	<bicon alt="" cat="objects">telescope</bicon>
	<bicon alt="" cat="objects">test-tube</bicon>
	<bicon alt="" cat="objects">ticket</bicon>
	<bicon alt="" cat="objects">toilet</bicon>
	<bicon alt="" cat="objects">toolbox</bicon>
	<bicon alt="toilet-paper" cat="objects">tp</bicon>
	<bicon alt="" cat="objects">trophy</bicon>
	<bicon alt="" cat="objects">train</bicon>
	<bicon alt="agriculture" cat="objects">tractor</bicon>
	<bicon alt="" cat="objects">truck</bicon>
	<bicon alt="" cat="objects">trumpet</bicon>
	<bicon alt="television" cat="objects">tv</bicon>
	<bicon alt="" cat="objects">umbrella</bicon>
	<bicon alt="" cat="objects">vhs</bicon>
	<bicon alt="" cat="objects">violin</bicon>
	<bicon alt="" cat="objects">wrench</bicon>
	<bicon alt="" cat="objects">yarn</bicon>
	
	<!-- Other, Symbols -->
	<bicon alt="" cat="other">amp</bicon>
	<bicon alt="" cat="other">alternate</bicon>
	<bicon alt="" cat="other">anger</bicon>
	<bicon alt="" cat="other">angle</bicon>
	<bicon alt="headphones" cat="other">audio</bicon>
	<bicon alt="ribbon" cat="other">awareness</bicon>
	<bicon alt="" cat="other">mining</bicon>
	<bicon alt="justice" cat="other">balance</bicon>
	<bicon alt="" cat="other">bars</bicon>
	<bicon alt="" cat="other">bowtie</bicon>
	<bicon alt="" cat="other">card</bicon>
	<bicon alt="" cat="other">comet</bicon>
	<bicon alt="" cat="other">construction</bicon>
	<bicon alt="fisheye" cat="other">core</bicon>
	<bicon alt="" cat="other">core-block</bicon>
	<bicon alt="trident" cat="other">deploy</bicon>
	<bicon alt="" cat="other">diameter</bicon>
	<bicon alt="" cat="other">dna</bicon>
	<bicon alt="nazar" cat="other">evil-eye</bicon>
	<bicon alt="" cat="other">finish-line</bicon>
	<bicon alt="" cat="other">fleur</bicon>
	<bicon alt="" cat="other">global</bicon>
	<bicon alt="" cat="other">numero</bicon>
	<bicon alt="" cat="other">per</bicon>
	<bicon alt="" cat="other">handicap</bicon>
	<bicon alt="" cat="other">heat</bicon>
	<bicon alt="love" cat="other">heart</bicon>
	<bicon alt="love-o" cat="other">heart-o</bicon>
	<bicon alt="black-heart" cat="other">heart-black</bicon>
	<bicon alt="brown-heart" cat="other">heart-brown</bicon>
	<bicon alt="red-heart" cat="other">heart-red</bicon>
	<bicon alt="yellow-heart" cat="other">heart-yellow</bicon>
	<bicon alt="blue-heart" cat="other">heart-blue</bicon>
	<bicon alt="green-heart" cat="other">heart-green</bicon>
	<bicon alt="purple-heart" cat="other">heart-purple</bicon>
	<bicon alt="" cat="other">history</bicon>
	<bicon alt="" cat="other">infinity</bicon>
	<bicon alt="" cat="other">info</bicon>
	<bicon alt="" cat="other">link</bicon>
	<bicon alt="" cat="other">loz</bicon>
	<bicon alt="" cat="other">atomic</bicon>
	<bicon alt="" cat="other">medical</bicon>
	<bicon alt="" cat="other">metro</bicon>
	<bicon alt="" cat="other">music</bicon>
	<bicon alt="" cat="other">musical</bicon>
	<bicon alt="" cat="other">puzzle</bicon>
	<bicon alt="" cat="other">symphony</bicon>
	<bicon alt="non-smoking" cat="other">no-smoking</bicon>
	<bicon alt="cigarette" cat="other">smoking</bicon>
	<bicon alt="wavy" cat="other">squiggle</bicon>
	<bicon alt="rx" cat="other">prescribe</bicon>
	<bicon alt="thermostat" cat="other">temperature</bicon>
	<bicon alt="" cat="other">celsius</bicon>
	<bicon alt="" cat="other">farenheit</bicon>
	<bicon alt="100" cat="other">real</bicon>
	<bicon alt="" cat="other">king</bicon>
	<bicon alt="" cat="other">queen</bicon>
	<bicon alt="" cat="other">male</bicon>
	<bicon alt="" cat="other">female</bicon>
	<bicon alt="" cat="other">gay</bicon>
	<bicon alt="" cat="other">lesbian</bicon>
	<bicon alt="" cat="other">divorce</bicon>
	<bicon alt="" cat="other">family</bicon>
	<bicon alt="" cat="other">marriage</bicon>
	<bicon alt="" cat="other">partners</bicon>
	<bicon alt="" cat="other">paws</bicon>
	<bicon alt="strength" cat="other">strong</bicon>
	<bicon alt="" cat="other">men</bicon>
	<bicon alt="" cat="other">women</bicon>
	<bicon alt="" cat="other">unisex</bicon>
	<bicon alt="" cat="other">free</bicon>
	<bicon alt="" cat="other">new</bicon>
	<bicon alt="" cat="other">ohm</bicon>
	<bicon alt="" cat="other">pi</bicon>
	<bicon alt="" cat="other">pinwheel</bicon>
	<bicon alt="" cat="other">place-of-interest</bicon>
	<bicon alt="recycle-paper" cat="other">paper-recycle</bicon>
	<bicon alt="recycling" cat="other">recycle</bicon>
	<bicon alt="" cat="other">trash</bicon>
	<bicon alt="" cat="other">sparkle</bicon>
	<bicon alt="" cat="other">reference</bicon>
	<bicon alt="" cat="other">sleep</bicon>
	<bicon alt="solar" cat="other">sol</bicon>
	<bicon alt="" cat="other">spy</bicon>
	<bicon alt="" cat="other">sunshine</bicon>
	<bicon alt="" cat="other">superstar</bicon>
	<bicon alt="" cat="other">tel</bicon>
	<bicon alt="18-plus" cat="other">underage</bicon>
	<bicon alt="" cat="other">unequal</bicon>
	<bicon alt="" cat="other">viewdata</bicon>
	<bicon alt="" cat="other">wait</bicon>
	<bicon alt="signal" cat="other">wifi</bicon>
	<bicon alt="horoscope" cat="other">fortune</bicon>
	<bicon alt="magic" cat="other">wonder</bicon>
	
	<!-- Places -->
	<bicon alt="" cat="places">bank</bicon>
	<bicon alt="" cat="places">castle</bicon>
	<bicon alt="" cat="places">church</bicon>
	<bicon alt="industrial" cat="places">factory</bicon>
	<bicon alt="" cat="places">hospital</bicon>
	<bicon alt="" cat="places">hotel</bicon>
	<bicon alt="" cat="places">house</bicon>
	<bicon alt="" cat="places">office</bicon>
	<bicon alt="" cat="places">school</bicon>
	<bicon alt="retail" cat="places">store</bicon>
	<bicon alt="" cat="places">synagogue</bicon>
	<bicon alt="hindu" cat="places">temple</bicon>
	
	<!-- Religion & Philosophy -->
	<bicon alt="" cat="religion">celtic</bicon>
	<bicon alt="" cat="religion">communist</bicon>
	<bicon alt="" cat="religion">cross</bicon>
	<bicon alt="" cat="religion">faith</bicon>
	<bicon alt="muslim" cat="religion">islam</bicon>
	<bicon alt="" cat="religion">jew</bicon>
	<bicon alt="" cat="religion">khanda</bicon>
	<bicon alt="" cat="religion">om</bicon>
	<bicon alt="" cat="religion">peace</bicon>
	<bicon alt="" cat="religion">pentagram</bicon>
	<bicon alt="" cat="religion">pentagram-i</bicon>
	<bicon alt="" cat="religion">yin-yang</bicon>
	
	<!-- Sports & Recreation -->
	<bicon alt="" cat="sports-rec">archery</bicon>
	<bicon alt="" cat="sports-rec">baseball</bicon>
	<bicon alt="" cat="sports-rec">basketball</bicon>
	<bicon alt="" cat="sports-rec">beach</bicon>
	<bicon alt="" cat="sports-rec">billiards</bicon>
	<bicon alt="cycling" cat="sports-rec">bicycle</bicon>
	<bicon alt="" cat="sports-rec">birthday</bicon>
	<bicon alt="" cat="sports-rec">canoe</bicon>
	<bicon alt="cheers" cat="sports-rec">celebrate</bicon>
	<bicon alt="xmas" cat="sports-rec">christmas</bicon>
	<bicon alt="" cat="sports-rec">circus</bicon>
	<bicon alt="climber" cat="sports-rec">climbing</bicon>
	<bicon alt="" cat="sports-rec">dating</bicon>
	<bicon alt="" cat="sports-rec">dining</bicon>
	<bicon alt="snorkel" cat="sports-rec">diving</bicon>
	<bicon alt="fencer" cat="sports-rec">fencing</bicon>
	<bicon alt="" cat="sports-rec">fishing</bicon>
	<bicon alt="" cat="sports-rec">football</bicon>
	<bicon alt="slots" cat="sports-rec">gambling</bicon>
	<bicon alt="" cat="sports-rec">gaming</bicon>
	<bicon alt="" cat="sports-rec">golf</bicon>
	<bicon alt="" cat="sports-rec">halloween</bicon>
	<bicon alt="horse-race" cat="sports-rec">horse-racing</bicon>
	<bicon alt="" cat="sports-rec">lift</bicon>
	<bicon alt="" cat="sports-rec">model</bicon>
	<bicon alt="" cat="sports-rec">movies</bicon>
	<bicon alt="" cat="sports-rec">party</bicon>
	<bicon alt="" cat="sports-rec">ping-pong</bicon>
	<bicon alt="" cat="sports-rec">rowing</bicon>
	<bicon alt="" cat="sports-rec">rugby</bicon>
	<bicon alt="jog" cat="sports-rec">run</bicon>
	<bicon alt="sailing" cat="sports-rec">sailboat</bicon>
	<bicon alt="" cat="sports-rec">soccer</bicon>
	<bicon alt="" cat="sports-rec">softball</bicon>
	<bicon alt="surfer" cat="sports-rec">surf</bicon>
	<bicon alt="" cat="sports-rec">swim</bicon>
	<bicon alt="" cat="sports-rec">tennis</bicon>
	<bicon alt="" cat="sports-rec">volleyball</bicon>
	<bicon alt="" cat="sports-rec">walk</bicon>
	
	<!-- Directional -->
	<bicon alt="" cat="directional">converge-left</bicon>
	<bicon alt="" cat="directional">converge-right</bicon>
	<bicon alt="" cat="directional">decrease</bicon>
	<bicon alt="" cat="directional">increase</bicon>
	<bicon alt="" cat="directional">charrow</bicon>
	<bicon alt="" cat="directional">farrow</bicon>
	<bicon alt="left-wave" cat="directional">warrow-left</bicon>
	<bicon alt="right-wave" cat="directional">warrow-right</bicon>
	<bicon alt="" cat="directional">migrate</bicon>
	<bicon alt="" cat="directional">next</bicon>
	<bicon alt="previous" cat="directional">prev</bicon>
	<bicon alt="" cat="directional">left</bicon>
	<bicon alt="" cat="directional">right</bicon>
	<bicon alt="" cat="directional">up</bicon>
	<bicon alt="" cat="directional">down</bicon>
	<bicon alt="" cat="directional">up-down</bicon>
	<bicon alt="" cat="directional">download</bicon>
	<bicon alt="" cat="directional">upload</bicon>
	<bicon alt="" cat="directional">down-right</bicon>
	<bicon alt="" cat="directional">up-right</bicon>
	<bicon alt="" cat="directional">point-left</bicon>
	<bicon alt="" cat="directional">point-right</bicon>
	<bicon alt="" cat="directional">top</bicon>
	<bicon alt="" cat="directional">back</bicon>
	<bicon alt="" cat="directional">pull-left</bicon>
	<bicon alt="" cat="directional">push-right</bicon>
	<bicon alt="expand" cat="directional">scale-up</bicon>
	<bicon alt="condense" cat="directional">scale-down</bicon>
	<bicon alt="" cat="directional">two-way</bicon>
	<bicon alt="" cat="directional">two-way-o</bicon>
	<bicon alt="" cat="directional">undo</bicon>
	<bicon alt="" cat="directional">redo</bicon>
	<bicon alt="" cat="directional">zoom-left</bicon>
	<bicon alt="" cat="directional">zoom-right</bicon>
	
	<!-- UI Actions -->
	<bicon alt="" cat="actions">action</bicon>
	<bicon alt="bullhorn" cat="actions">announce</bicon>
	<bicon alt="" cat="actions">app-install</bicon>
	<bicon alt="satellite" cat="actions">broadcast</bicon>
	<bicon alt="" cat="actions">call</bicon>
	<bicon alt="write" cat="actions">compose</bicon>
	<bicon alt="" cat="actions">compress</bicon>
	<bicon alt="" cat="actions">create</bicon>
	<bicon alt="thumbs-up" cat="actions">approve</bicon>
	<bicon alt="thumbs-down" cat="actions">disapprove</bicon>
	<bicon alt="" cat="actions">encrypt</bicon>
	<bicon alt="" cat="actions">favorite</bicon>
	<bicon alt="flip-off" cat="actions">f-off</bicon>
	<bicon alt="" cat="actions">halt</bicon>
	<bicon alt="" cat="actions">isolate</bicon>
	<bicon alt="" cat="actions">join</bicon>
	<bicon alt="rocket" cat="actions">launch</bicon>
	<bicon alt="eyes" cat="actions">look</bicon>
	<bicon alt="" cat="actions">pin</bicon>
	<bicon alt="mark" cat="actions">pinpoint</bicon>
	<bicon alt="" cat="actions">read</bicon>
	<bicon alt="" cat="actions">save</bicon>
	<bicon alt="pen" cat="actions">sign</bicon>
	<bicon alt="voice" cat="actions">speak</bicon>
	<bicon alt="thought" cat="actions">think</bicon>
	<bicon alt="stopwatch" cat="actions">time</bicon>
	<bicon alt="" cat="actions">watch</bicon>
	<bicon alt="hello" cat="actions">wave</bicon>
	
	<!-- UI Common -->
	<bicon alt="plus" cat="ui">add</bicon>
	<bicon alt="attach" cat="ui">attachment</bicon>
	<bicon alt="stats" cat="ui">bar-graph</bicon>
	<bicon alt="" cat="ui">box</bicon>
	<bicon alt="" cat="ui">box-check</bicon>
	<bicon alt="" cat="ui">box-x</bicon>
	<bicon alt="" cat="ui">calendar</bicon>
	<bicon alt="analytics" cat="ui">charts</bicon>
	<bicon alt="" cat="ui">chat</bicon>
	<bicon alt="" cat="ui">check</bicon>
	<bicon alt="" cat="ui">clear</bicon>
	<bicon alt="" cat="ui">clipboard</bicon>
	<bicon alt="exit" cat="ui">close</bicon>
	<bicon alt="exit-o" cat="ui">close-o</bicon>
	<bicon alt="" cat="ui">control</bicon>
	<bicon alt="" cat="ui">cut</bicon>
	<bicon alt="" cat="ui">data-disk</bicon>
	<bicon alt="" cat="ui">data-disk-gold</bicon>
	<bicon alt="" cat="ui">database</bicon>
	<bicon alt="" cat="ui">delete</bicon>
	<bicon alt="folder" cat="ui">directory</bicon>
	<bicon alt="pencil" cat="ui">edit</bicon>
	<bicon alt="" cat="ui">edit-active</bicon>
	<bicon alt="more" cat="ui">ellipsis</bicon>
	<bicon alt="more-v" cat="ui">ellipsis-v</bicon>
	<bicon alt="" cat="ui">email</bicon>
	<bicon alt="document" cat="ui">file</bicon>
	<bicon alt="" cat="ui">file-edit</bicon>
	<bicon alt="" cat="ui">fill</bicon>
	<bicon alt="" cat="ui">flag</bicon>
	<bicon alt="" cat="ui">flag-o</bicon>
	<bicon alt="" cat="ui">forum</bicon>
	<bicon alt="" cat="ui">help</bicon>
	<bicon alt="" cat="ui">help-o</bicon>
	<bicon alt="network" cat="ui">hub</bicon>
	<bicon alt="" cat="ui">image</bicon>
	<bicon alt="" cat="ui">input-letters</bicon>
	<bicon alt="" cat="ui">input-numbers</bicon>
	<bicon alt="" cat="ui">input-symbols</bicon>
	<bicon alt="" cat="ui">lock</bicon>
	<bicon alt="bell" cat="ui">notify</bicon>
	<bicon alt="" cat="ui">package</bicon>
	<bicon alt="" cat="ui">phone</bicon>
	<bicon alt="" cat="ui">phone-o</bicon>
	<bicon alt="primary-key" cat="ui">pk</bicon>
	<bicon alt="" cat="ui">print</bicon>
	<bicon alt="" cat="ui">script</bicon>
	<bicon alt="gear" cat="ui">settings</bicon>
	<bicon alt="nav" cat="ui">sitemap</bicon>
	<bicon alt="" cat="ui">star</bicon>
	<bicon alt="" cat="ui">star-o</bicon>
	<bicon alt="" cat="ui">tools</bicon>
	<bicon alt="" cat="ui">unlock</bicon>
	<bicon alt="" cat="ui">unnotify</bicon>
	<bicon alt="" cat="ui">verify</bicon>
	<bicon alt="profile" cat="ui">user</bicon>
	<bicon alt="" cat="ui">group</bicon>
	
	<!-- UI Media -->
	<bicon alt="" cat="media">video</bicon>
	<bicon alt="" cat="media">filter</bicon>
	<bicon alt="" cat="media">play</bicon>
	<bicon alt="" cat="media">pause</bicon>
	<bicon alt="" cat="media">stop</bicon>
	<bicon alt="record" cat="media">rec</bicon>
	<bicon alt="fast-forward" cat="media">ff</bicon>
	<bicon alt="" cat="media">rewind</bicon>
	<bicon alt="" cat="media">seek-next</bicon>
	<bicon alt="" cat="media">seek-prev</bicon>
	<bicon alt="" cat="media">shuffle</bicon>
	<bicon alt="" cat="media">repeat</bicon>
	<bicon alt="" cat="media">repeat-once</bicon>
	<bicon alt="" cat="media">sync</bicon>
	<bicon alt="" cat="media">mute</bicon>
	<bicon alt="low-vol" cat="media">vol-l</bicon>
	<bicon alt="med-vol" cat="media">vol-m</bicon>
	<bicon alt="hi-vol" cat="media">vol-h</bicon>

</bicons>
